CustomerID,CustomerName,Email,Phone,Country,City,Segment,RegistrationDate
1,Sherry Wilson,rmartin@hotmail.com,730-053-9173,India,Chennai,Corporate,2022-04-17
2,Loretta Clark,lauracruz@yahoo.com,(725)763-7517x747,India,Pune,Home Office,2022-04-06
3,David Rasmussen,joan97@burns.biz,001-688-745-6536x956,India,Chennai,Home Office,2022-07-24
4,Heather Church,kleindwayne@johnson.org,(299)349-1952x68751,India,Bengaluru,Corporate,2021-09-21
5,Catherine Johnson,rogerburke@thompson.org,(503)275-9344x114,India,Bengaluru,Home Office,2020-10-28
6,Donald Baker,christophermurphy@woods.com,909-079-3395x8854,India,Hyderabad,Consumer,2021-10-19
7,Jennifer Brown,tanya18@gmail.com,543-339-6843x190,India,Kolkata,Corporate,2022-11-04
8,Shawn Roth,wflores@ryan.com,300.014.8883x800,India,Chennai,Consumer,2020-07-02
9,Mrs. Deanna Gregory,aguirrenatasha@yahoo.com,+1-899-382-0037x2900,India,Hyderabad,Consumer,2020-03-21
10,Whitney Gill,gonzalezkari@gmail.com,+1-555-187-0668x29331,India,Delhi,Corporate,2020-12-30
11,Stephanie Fritz,patriciaspears@gmail.com,685-828-7234x128,India,Pune,Consumer,2022-10-14
12,Lisa Stanley,bthornton@gmail.com,516-451-1214x99718,India,Chennai,Consumer,2021-09-21
13,Richard Powers,ricky87@yahoo.com,(701)541-9998,India,Pune,Corporate,2022-05-07
14,Joseph Mclaughlin,georgemelton@sampson-nixon.biz,(313)366-8052x96044,India,Chennai,Home Office,2020-02-22
15,Katherine Cole,fleon@hotmail.com,001-306-660-7238,India,Mumbai,Consumer,2022-07-29
16,Vincent Soto,thomasdaniel@gmail.com,8121209106,India,Delhi,Corporate,2022-04-01
17,Debra Roy,kristi00@gmail.com,184.520.3732,India,Bengaluru,Consumer,2022-01-05
18,Micheal Palmer,baileyann@yahoo.com,206-753-0515,India,Pune,Corporate,2020-04-26
19,Matthew Delacruz,carlos64@gmail.com,+1-202-562-1700,India,Delhi,Consumer,2022-06-21
20,Pam Ross,popejoel@yahoo.com,(910)750-5087x767,India,Delhi,Corporate,2020-10-21
21,Hannah Wolfe,melissa08@russell.org,569.078.2869x437,India,Kolkata,Home Office,2021-11-26
22,Donna Rivera,ggray@hotmail.com,422.711.8018x7524,India,Bengaluru,Home Office,2020-05-31
23,Susan Carr,jeffersonbrenda@powell.org,(135)784-4590,India,Chennai,Home Office,2020-06-01
24,Katherine Burke,csmith@hotmail.com,412.324.8151,India,Pune,Home Office,2020-07-01
25,Paul Nicholson,bryan21@gmail.com,082-988-5191x483,India,Bengaluru,Corporate,2020-06-19
26,Kelly Hoffman,tiffany24@wheeler-chavez.com,145-620-9520x9913,India,Kolkata,Corporate,2021-01-04
27,Mark Carpenter,jenniferstark@hotmail.com,073-680-1308,India,Delhi,Corporate,2021-10-29
28,John Simon,cassandra32@king.com,(939)050-2397x3258,India,Mumbai,Home Office,2020-11-05
29,Jonathan Harding,mercedesdavis@hotmail.com,8094132654,India,Pune,Consumer,2020-09-02
30,Brandon Richardson,raymondrios@robinson.net,001-704-011-2652,India,Pune,Home Office,2021-05-19
31,Kevin Bailey,gardnertrevor@johnson.com,472.643.9936x538,India,Pune,Home Office,2021-10-26
32,Christina Cooley,hodgeserika@martin.net,(861)456-5082x30534,India,Bengaluru,Home Office,2021-12-01
33,Samantha Thomas,sara99@hotmail.com,(525)821-7099x46535,India,Pune,Home Office,2020-04-30
34,Stacy Brown,kennethdavidson@jones.com,001-610-134-6968x7784,India,Pune,Consumer,2022-03-30
35,Joseph Howard,leechristopher@jackson-rivera.com,056.727.5430x24661,India,Hyderabad,Home Office,2022-02-08
36,Michael Hale,whitemiguel@salazar.com,001-833-072-5094x957,India,Kolkata,Corporate,2020-10-16
37,Crystal Thomas,pmorse@gmail.com,(970)442-2280,India,Kolkata,Corporate,2021-01-23
38,Jeanne Smith,matthewwilliams@meyer.com,259.460.8612x26160,India,Hyderabad,Consumer,2021-02-25
39,Jonathan Lara,abigailcain@hotmail.com,026-088-3767,India,Hyderabad,Corporate,2021-01-19
40,Christopher Kramer,espence@hotmail.com,+1-043-543-0716x30832,India,Mumbai,Corporate,2022-04-26
41,Justin Tucker,scottmelanie@gmail.com,7146750297,India,Kolkata,Home Office,2020-08-15
42,Marissa Griffith,whughes@perry-mcbride.biz,436.266.4934x9944,India,Mumbai,Home Office,2021-03-01
43,Donna Conley,flowersbrandi@richardson.net,142.957.0422x63412,India,Mumbai,Consumer,2021-04-04
44,Rachael Parker,stephen81@gmail.com,+1-761-664-3291x91185,India,Hyderabad,Consumer,2022-12-04
45,Norma Garcia,rbarber@hotmail.com,001-047-321-5064x900,India,Bengaluru,Home Office,2020-10-23
46,Ricardo Myers,emily71@black.net,+1-122-449-4938x29994,India,Mumbai,Home Office,2020-02-25
47,Frank Williams,cookderrick@allen.org,+1-024-663-8087x104,India,Pune,Consumer,2020-01-15
48,David Andersen,qgonzalez@cox.com,602-039-6131x25277,India,Mumbai,Corporate,2020-09-03
49,Curtis Kelley,kathynelson@wilkinson.com,+1-471-023-8768,India,Pune,Consumer,2021-09-19
50,Jennifer Roberts,harpervictoria@hotmail.com,341-470-7953x215,India,Mumbai,Consumer,2020-03-18
51,Monica Johnston,brianmiller@hotmail.com,(533)705-1213,India,Chennai,Home Office,2020-06-10
52,Gwendolyn Mcdaniel,angela63@cardenas.info,(122)611-5370,India,Kolkata,Corporate,2021-10-12
53,Tracey Terrell,fsanders@madden-scott.biz,075-827-1979x844,India,Delhi,Home Office,2021-10-28
54,Jessica Frazier,jennajackson@stone.com,771-311-5378x9340,India,Chennai,Corporate,2022-02-11
55,Zachary Barker,zavalazachary@gmail.com,897.977.9104,India,Hyderabad,Home Office,2021-01-20
56,Denise Sanchez,kellypeters@yahoo.com,001-094-293-9038,India,Delhi,Corporate,2020-05-27
57,Victoria Carter,alexanderjason@hotmail.com,(792)988-8291,India,Pune,Corporate,2022-10-20
58,Ethan Avila,kristina18@hotmail.com,427-964-9167,India,Hyderabad,Home Office,2020-05-04
59,Ralph Morris,deborahjones@potter-white.com,+1-506-271-8418x345,India,Pune,Consumer,2021-06-04
60,Sharon Sanchez,omarsh@yahoo.com,(058)755-7759x0382,India,Mumbai,Home Office,2020-10-30
61,Victoria Leach,meganpruitt@hotmail.com,(350)465-4117,India,Bengaluru,Home Office,2021-09-06
62,Catherine Burnett,davidsonjane@frazier-smith.biz,126.988.2598x35239,India,Mumbai,Corporate,2022-08-25
63,Rachel Skinner,franklopez@lopez.com,(604)464-0789x746,India,Pune,Home Office,2022-01-07
64,Christopher Edwards,lisa12@hotmail.com,506.156.8653x10728,India,Hyderabad,Corporate,2022-10-08
65,Kevin Walker,powellrachel@hotmail.com,(228)264-1219,India,Bengaluru,Home Office,2020-08-26
66,Brady Watson,richard33@parker.com,+1-608-530-9867x94026,India,Bengaluru,Consumer,2020-03-01
67,Michael Perez,webberic@hotmail.com,001-337-114-1435x4186,India,Hyderabad,Home Office,2020-08-01
68,Timothy Sanchez,bellmichael@harris-moreno.com,5086258384,India,Bengaluru,Consumer,2022-08-08
69,Shannon Morris,craig91@flynn-rhodes.com,(711)957-8708x39062,India,Hyderabad,Consumer,2022-01-27
70,Michelle Lam,iward@velazquez.com,1894862818,India,Delhi,Home Office,2022-03-05
71,Andrea Weber,vegagary@yahoo.com,+1-320-020-1870x0911,India,Delhi,Consumer,2022-07-03
72,Nicole Spencer,sbaker@trevino.net,341.913.3934x977,India,Mumbai,Corporate,2022-02-25
73,Tammy Valdez,michaellindsey@hotmail.com,315-077-0444,India,Mumbai,Corporate,2021-10-06
74,William Cherry,kellychristopher@gmail.com,(300)775-9982,India,Kolkata,Home Office,2022-04-15
75,Joseph Solis,mjohnson@carson.com,+1-654-964-5350x653,India,Bengaluru,Consumer,2022-07-25
76,Erin Black,davidnelson@alvarez.com,2701926064,India,Delhi,Corporate,2020-04-08
77,Elizabeth White,joshuaalexander@hotmail.com,001-495-315-2477x13809,India,Mumbai,Consumer,2021-10-24
78,Angela Estrada,owensteve@yahoo.com,2742102197,India,Kolkata,Consumer,2020-11-19
79,Kathryn Riley,smithaaron@fischer-hawkins.net,292-946-2365x2384,India,Delhi,Consumer,2022-07-21
80,Melissa Cobb,aaronhawkins@hotmail.com,283.285.9626x392,India,Mumbai,Home Office,2021-09-14
81,Kim Baker,hfuller@yahoo.com,+1-924-571-4994x4844,India,Kolkata,Home Office,2021-11-10
82,Annette Pierce,robinrowland@diaz-gibson.info,001-134-897-2966x9120,India,Delhi,Consumer,2022-02-24
83,Michael Mullins,johnsonlaurie@king.org,706-683-8691x75714,India,Bengaluru,Corporate,2021-08-10
84,Erik Crawford,matthewrichardson@yahoo.com,(982)903-8785x25482,India,Kolkata,Home Office,2021-01-25
85,Adam Sandoval,xday@yahoo.com,(184)115-9320x173,India,Chennai,Corporate,2020-02-02
86,Adam Jackson,andrew77@gmail.com,117-330-4306,India,Delhi,Corporate,2022-08-08
87,Matthew Robinson,shawnolson@daniels.com,(353)004-0883,India,Mumbai,Corporate,2020-11-19
88,John Benton,petersshannon@mcdowell-jenkins.com,+1-631-421-5101x709,India,Chennai,Corporate,2020-07-30
89,Nathan Vazquez,bclark@hotmail.com,(218)937-4157,India,Kolkata,Corporate,2020-01-18
90,Eugene Davis,huntrobert@bauer.com,(546)896-6511,India,Hyderabad,Home Office,2021-09-19
91,Michelle Mcdonald,edwardslee@yahoo.com,172-421-8295,India,Kolkata,Home Office,2022-08-11
92,Manuel Clark,kyang@sanchez.com,8434816637,India,Pune,Consumer,2021-10-07
93,Heidi Hampton,richardbauer@wright.biz,5955346559,India,Kolkata,Consumer,2022-11-12
94,James Rogers,crystalwilliams@yahoo.com,2454217812,India,Kolkata,Home Office,2020-07-23
95,Casey Haas,smithelizabeth@peterson.biz,261-937-6781,India,Pune,Consumer,2021-01-24
96,Deborah Randall MD,davidperkins@hotmail.com,497.112.4121x6251,India,Mumbai,Consumer,2020-09-16
97,Kathy Smith,carterjennifer@gmail.com,(698)643-2505x19554,India,Kolkata,Consumer,2022-09-13
98,Jennifer Blake,kennedyjohn@hotmail.com,+1-574-087-9391x775,India,Mumbai,Corporate,2020-03-07
99,Rachel Galloway,millerdebra@gmail.com,+1-696-138-6237x523,India,Hyderabad,Corporate,2020-11-15
100,Juan Smith,todd40@hotmail.com,651-790-0788,India,Delhi,Home Office,2021-09-10
101,Michele Ramos,nathan97@hernandez-hunt.com,974.622.6147x9769,India,Bengaluru,Corporate,2020-02-11
102,Pamela Bell,novakdennis@yahoo.com,389.154.7347,India,Kolkata,Home Office,2020-06-06
103,Tracy Johnson,robertmurphy@yahoo.com,192-915-5840,India,Pune,Home Office,2021-11-19
104,Holly Jacobs,cameronpatrick@hotmail.com,001-035-955-9042x932,India,Bengaluru,Home Office,2022-01-30
105,Mark Hall,darlene23@gmail.com,+1-688-881-7311x483,India,Pune,Corporate,2022-03-15
106,Ronald Lane,stevenalvarado@yahoo.com,611-594-6952,India,Mumbai,Corporate,2021-05-26
107,Jennifer Harris,olawrence@lewis.com,538-715-8146,India,Mumbai,Consumer,2022-12-09
108,Connor Green,jeffrey82@mcdonald-hill.com,001-297-571-2602,India,Pune,Consumer,2022-04-09
109,Alan Clark,harry24@myers-munoz.com,+1-099-161-1128x6252,India,Bengaluru,Consumer,2021-01-05
110,Isabella Abbott,shepherdamanda@yahoo.com,3423693729,India,Mumbai,Corporate,2021-03-29
111,Michael Thomas,zrandall@yahoo.com,192.262.9810x5082,India,Delhi,Corporate,2021-01-29
112,Frank Carey,adamsthomas@roberts.info,392.657.4249x18100,India,Chennai,Corporate,2022-08-07
113,Teresa Romero,melissasullivan@ortiz.com,(103)596-4787,India,Delhi,Consumer,2022-10-16
114,Steven Ruiz,kathy16@cain.com,001-663-632-8866x1542,India,Chennai,Home Office,2022-10-14
115,Gabriella Dunn,edward96@west.com,2461743192,India,Bengaluru,Consumer,2021-11-03
116,Tammy Smith,hesskatherine@yahoo.com,864.411.9259,India,Hyderabad,Consumer,2022-07-11
117,Lori Jones,kathleenfreeman@gmail.com,(021)829-9475x692,India,Delhi,Corporate,2022-04-28
118,Lauren Marshall,stewartdavid@yahoo.com,001-801-561-7786,India,Bengaluru,Corporate,2021-06-15
119,Michael Johnson,wconway@howard.com,+1-102-843-0640x72561,India,Kolkata,Consumer,2021-04-12
120,Brittany Smith,willie25@noble.com,2774810185,India,Delhi,Corporate,2022-06-11
121,Jordan Garcia,lcarrillo@hart-haney.com,849-763-2041,India,Hyderabad,Home Office,2021-04-17
122,Charles Medina,djones@gmail.com,925-500-1072,India,Bengaluru,Corporate,2020-12-25
123,Roy Sullivan,mikehaynes@gmail.com,248.274.9392,India,Mumbai,Consumer,2020-08-20
124,Carol Williams,robert64@skinner.com,950-068-3428,India,Pune,Home Office,2020-06-08
125,Robert Jones,bryan41@gmail.com,070-518-1601x78359,India,Pune,Consumer,2020-11-23
126,Cory Perez,thomasrachel@gmail.com,(397)198-9335,India,Bengaluru,Home Office,2022-12-29
127,Kelly Webster,reillynicole@mahoney.com,265-721-8530,India,Chennai,Home Office,2021-04-22
128,Kari Wagner,cody68@hotmail.com,443-763-9391x2472,India,Hyderabad,Corporate,2021-09-08
129,Michael Hardin,nathanielpatel@oconnell.com,+1-506-467-8878,India,Mumbai,Corporate,2020-05-24
130,Katie Johnson,kyle21@hotmail.com,5152053136,India,Kolkata,Corporate,2022-05-28
131,Amanda Randolph,oliviaellison@mccoy.biz,(236)792-4677,India,Hyderabad,Home Office,2020-08-02
132,Chelsea Jenkins,bradleygonzalez@gmail.com,670-190-6149x233,India,Mumbai,Consumer,2020-03-11
133,Jacob Smith,samantha22@yahoo.com,417-755-9453,India,Bengaluru,Consumer,2020-09-24
134,Alvin White,allenking@hotmail.com,2928698360,India,Kolkata,Home Office,2021-07-17
135,Kristy Cruz,lisa25@flores.info,666-275-9135x177,India,Kolkata,Corporate,2020-10-13
136,Michelle Lewis,simmonsshannon@hamilton-nguyen.com,152-316-2415,India,Pune,Consumer,2020-11-19
137,Sylvia Sanders,williamschristopher@goodwin-larson.net,651-970-0730,India,Chennai,Consumer,2022-08-27
138,Joseph Flowers,barbaraharris@gmail.com,(390)511-1296x81337,India,Delhi,Consumer,2021-12-14
139,Jason Gomez,ramseykristen@gmail.com,001-743-815-0670,India,Delhi,Home Office,2021-08-22
140,Brandon Barron,oallen@coleman.com,001-517-220-4748,India,Mumbai,Home Office,2022-10-27
141,Karen Edwards,ethan78@gregory-matthews.com,008-217-3339,India,Mumbai,Corporate,2022-11-24
142,Bobby Figueroa,pmiller@hotmail.com,+1-879-409-9291x510,India,Bengaluru,Home Office,2022-06-27
143,Alexis Gardner,schroederstephen@gmail.com,001-142-361-6805x12304,India,Kolkata,Corporate,2021-08-03
144,Carmen Wang,angeladawson@yahoo.com,(079)531-6865x20994,India,Chennai,Consumer,2021-11-19
145,Edward Castaneda,molly05@yahoo.com,001-434-297-9299x7832,India,Bengaluru,Corporate,2021-01-31
146,Karen Lee,george18@thomas.com,0953179866,India,Mumbai,Consumer,2022-03-18
147,James Turner,cbrown@dominguez-bennett.com,001-656-157-1051,India,Kolkata,Home Office,2021-10-26
148,Scott Duke,fcabrera@gmail.com,(087)337-2358,India,Hyderabad,Home Office,2021-04-07
149,Alyssa Mcfarland,rodriguezchristine@schmidt.info,(591)490-9368x601,India,Delhi,Corporate,2022-01-21
150,Shelley Boyd,susan31@gmail.com,001-588-601-6293,India,Bengaluru,Consumer,2020-07-07
151,Jennifer Hanson,qpatrick@gmail.com,001-466-508-3003x049,India,Mumbai,Corporate,2022-10-08
152,Julia Lopez,hmurray@gmail.com,193-548-0805,India,Mumbai,Home Office,2020-03-16
153,Julie Hicks,hdavis@yahoo.com,001-363-038-0548x68641,India,Mumbai,Home Office,2021-02-26
154,Kristen Sullivan,newtonjennifer@fisher.com,(652)405-8123,India,Pune,Home Office,2021-04-06
155,Philip Herrera,eric67@lewis.com,+1-363-234-4168x27181,India,Bengaluru,Consumer,2021-06-01
156,John Hernandez,donaldsimmons@gmail.com,012-676-4589x9715,India,Bengaluru,Home Office,2020-08-23
157,Tammy Erickson,veronica83@watson-saunders.biz,(838)257-5567,India,Hyderabad,Home Office,2021-08-07
158,Matthew Allen PhD,donna63@johnson.com,236.414.4869x5466,India,Delhi,Consumer,2022-06-11
159,James Carroll,ashley85@howell-rodriguez.info,618-916-6614,India,Bengaluru,Corporate,2020-10-20
160,Joseph Hobbs,tina57@williams.com,928-884-1727x5877,India,Bengaluru,Corporate,2022-02-11
161,Garrett Davis,meganhammond@gray.info,001-291-523-7050x9270,India,Chennai,Corporate,2020-11-01
162,Monica Gray,martin89@hotmail.com,(914)486-2629x9331,India,Pune,Corporate,2022-11-05
163,Anthony Wagner,cwilliams@gmail.com,001-027-186-6420x375,India,Pune,Home Office,2020-09-17
164,Mario Perry,aviladaniel@rivas.net,987.622.1033x18404,India,Chennai,Consumer,2021-10-01
165,Kathleen Valencia,lauren23@hotmail.com,(141)117-9576x6258,India,Pune,Corporate,2021-08-23
166,Hannah Carter,trivera@avila.biz,+1-525-419-5714x76266,India,Hyderabad,Corporate,2022-06-14
167,William Fisher,brandon34@yahoo.com,001-601-257-0890,India,Mumbai,Consumer,2021-10-26
168,Hayley Black,amanda77@gray.com,001-722-173-3451x59406,India,Kolkata,Corporate,2020-07-28
169,Lisa Villanueva,mary27@yahoo.com,887.112.7612x863,India,Kolkata,Consumer,2020-10-12
170,Steven Kennedy,laurie56@garza.com,251.570.7276x5310,India,Chennai,Home Office,2022-01-22
171,Juan Conrad,karen36@bates.com,9026479836,India,Delhi,Corporate,2021-03-28
172,Benjamin Montgomery,ronald33@gmail.com,867.961.7147x7090,India,Mumbai,Consumer,2022-01-15
173,Colleen Lynn,deborahschultz@yahoo.com,001-570-069-0078x50406,India,Bengaluru,Corporate,2020-12-25
174,Dalton Russell,xpatterson@hotmail.com,(715)092-8808,India,Pune,Home Office,2022-09-19
175,Matthew Steele,veronica91@hodges.org,+1-787-981-6410,India,Chennai,Corporate,2021-03-17
176,Tracy Hayes,brooke76@pierce-harris.org,4872572564,India,Hyderabad,Home Office,2020-12-21
177,Joseph Roberts MD,brittneysoto@hotmail.com,980.660.5467x28863,India,Bengaluru,Corporate,2021-06-28
178,Gregory Dickson,jamesellison@aguilar.com,+1-221-757-3615,India,Bengaluru,Home Office,2021-07-21
179,Amy Cox,davisalfred@harris.info,523.645.5960x509,India,Hyderabad,Corporate,2021-09-20
180,Aaron Rodriguez,wallerchristopher@hooper.info,001-904-354-1249,India,Hyderabad,Home Office,2020-08-28
181,Kathleen Walker,davidrichardson@hotmail.com,+1-670-855-2051x5668,India,Hyderabad,Home Office,2022-04-12
182,Patrick Oliver,jonathansanchez@henry-booth.com,393-060-2667x620,India,Pune,Consumer,2021-09-16
183,Shawn Weber,kathryncabrera@yahoo.com,900-663-4167x284,India,Hyderabad,Corporate,2021-06-28
184,Hector Robles,asmith@lowe.biz,(605)327-6969,India,Hyderabad,Consumer,2022-04-05
185,Daniel Gentry,samantha32@hotmail.com,228-363-3725x13572,India,Pune,Corporate,2021-05-21
186,Michael Wright,robin93@hotmail.com,(925)634-5567,India,Chennai,Consumer,2022-09-25
187,Dennis Thompson,reynoldsamber@grant-murphy.net,001-278-915-7983,India,Bengaluru,Corporate,2021-03-15
188,Alejandro Carson,anthonymyers@hill.com,900.983.3220,India,Hyderabad,Home Office,2020-09-19
189,Christopher Guerrero,sarahkaiser@yahoo.com,020-933-6669x42737,India,Hyderabad,Corporate,2022-10-02
190,James Sullivan,timothy20@barnes.com,001-553-385-7698x8780,India,Mumbai,Consumer,2020-11-19
191,Holly Garrett,juliaochoa@martinez-lynch.org,+1-047-089-3605x113,India,Delhi,Home Office,2022-11-19
192,Roy Peterson,deckerdaniel@hotmail.com,6790556130,India,Delhi,Consumer,2020-05-11
193,David Krause,matthewdean@hotmail.com,253-959-2884,India,Delhi,Consumer,2021-06-11
194,Lori Berger,roberthendricks@villanueva-carroll.org,113-663-9028x220,India,Delhi,Home Office,2020-02-05
195,Lauren Johnson,hhernandez@hotmail.com,(518)382-8927,India,Kolkata,Home Office,2022-01-18
196,Hannah Cooper,jacobsonlaura@gmail.com,001-728-179-7484,India,Chennai,Corporate,2022-07-05
197,Gregory Martinez,adkinsdanielle@terry.biz,+1-421-526-5652x90244,India,Chennai,Corporate,2021-02-27
198,Veronica Green,katrinawelch@henderson.com,178.200.3205x772,India,Chennai,Corporate,2020-12-27
199,Matthew Boyd,sandra30@hotmail.com,(990)708-3004x285,India,Bengaluru,Corporate,2021-12-28
200,Andrew Phelps,molly05@warner.net,(209)262-1662x6519,India,Pune,Corporate,2020-07-04
201,Tara Benjamin,simpsonmargaret@yahoo.com,001-655-926-2598,India,Chennai,Home Office,2020-10-21
202,Cynthia Simpson,mcknightryan@gmail.com,358-982-0713,India,Bengaluru,Corporate,2021-06-25
203,Brent Williams,rebecca24@booth.com,9403402161,India,Bengaluru,Consumer,2020-11-05
204,Ivan Clark,laurawilson@yates.net,395.762.8357x12687,India,Mumbai,Home Office,2022-04-25
205,Emily Alexander,djohnson@gmail.com,001-776-312-2539x53689,India,Chennai,Home Office,2022-04-12
206,Timothy Sparks,michaellee@gmail.com,115-636-2274x2708,India,Delhi,Home Office,2022-07-04
207,Wesley Mejia,evan74@gmail.com,+1-077-627-4080x279,India,Pune,Home Office,2020-08-13
208,Dana Anderson,molinasierra@wright-mitchell.com,951-047-7082x52738,India,Pune,Consumer,2022-11-24
209,George Pearson,hlarson@hotmail.com,(534)966-2828x86552,India,Bengaluru,Consumer,2021-12-31
210,Erin Young,kevincunningham@phillips-floyd.com,245-955-4043x23003,India,Delhi,Consumer,2022-07-16
211,Ashley Kelly,gwendolyn16@yahoo.com,273-206-2345x3679,India,Hyderabad,Corporate,2022-06-30
212,Carolyn Baker,destiny18@gross.com,500-901-0284,India,Hyderabad,Corporate,2021-07-22
213,Robert Duran MD,kfreeman@yahoo.com,(742)927-8388,India,Chennai,Consumer,2021-06-30
214,Jonathan Mahoney,pcruz@yahoo.com,1977842539,India,Mumbai,Consumer,2021-02-24
215,Amanda Webster,josephmurray@peterson.com,(966)729-0566,India,Bengaluru,Consumer,2022-04-28
216,Michael Gardner,tcain@maxwell.biz,270.762.7254,India,Hyderabad,Consumer,2020-02-12
217,Austin Howe,romerotyler@moses-dixon.biz,+1-284-564-6254x2932,India,Kolkata,Home Office,2020-10-24
218,Anthony Moyer,npadilla@morris.biz,(222)430-6825,India,Chennai,Consumer,2020-06-19
219,Nathan Roy,steven22@gmail.com,648.947.3795,India,Delhi,Corporate,2020-03-20
220,Paul Williams,brent54@cabrera-cline.biz,202-582-3821,India,Hyderabad,Home Office,2021-11-12
221,Robert Martinez,smiththeresa@hotmail.com,312.904.0332x9362,India,Hyderabad,Home Office,2022-08-31
222,Courtney Peterson,lmarks@whitehead.info,468.188.0762x88893,India,Kolkata,Consumer,2020-11-04
223,Betty Thomas,masseyjoshua@yahoo.com,001-983-625-9705x8442,India,Hyderabad,Corporate,2020-12-21
224,Scott Smith,harristaylor@guerra.org,8068872641,India,Mumbai,Consumer,2022-06-23
225,James Smith,tammycooper@hotmail.com,169.921.9640x062,India,Pune,Consumer,2020-07-28
226,John Hanna,slambert@hotmail.com,733.121.1274,India,Kolkata,Home Office,2021-05-18
227,Danny Leach,jeannemorrison@newton.net,(018)246-5434x63551,India,Delhi,Corporate,2022-12-18
228,Robert Baker,davidmaddox@soto.info,875.197.3969,India,Kolkata,Home Office,2021-01-29
229,Michele Owens DVM,albert65@green-smith.com,938-477-5121x702,India,Chennai,Corporate,2021-07-13
230,Brenda Griffith,karenharper@nguyen.com,2918949886,India,Chennai,Home Office,2022-12-21
231,Edwin Freeman,asmith@garcia.com,+1-905-111-4013x1727,India,Pune,Home Office,2022-02-18
232,Valerie Matthews,richardsonanthony@brown-carey.info,299.214.0642,India,Kolkata,Corporate,2020-04-08
233,Victor Rivera,jean35@gmail.com,(551)645-9280,India,Bengaluru,Consumer,2021-07-23
234,Joann Smith,matthewwilliams@gmail.com,791.177.3897x375,India,Bengaluru,Corporate,2020-05-20
235,Nicholas Jensen,denisewilkinson@powell.com,(713)863-5021x27494,India,Mumbai,Corporate,2022-02-19
236,Breanna Rice,jerry65@campbell.com,(068)318-8730x68105,India,Hyderabad,Consumer,2022-12-09
237,Rachel Richardson,christinahughes@eaton.info,617-615-2324x1675,India,Bengaluru,Home Office,2022-10-11
238,Donald Clark,carloslane@bradley.com,787.220.5845,India,Chennai,Consumer,2021-03-16
239,Courtney Becker,ywilliams@henry-hall.com,665.070.0074x64537,India,Kolkata,Home Office,2022-08-03
240,Sydney Rodriguez,suzanne01@yahoo.com,337-686-4614,India,Pune,Consumer,2022-02-16
241,Amy Kerr,carmenwalsh@munoz.com,711-975-5940,India,Delhi,Consumer,2020-08-29
242,Henry Johnson,anthony71@williams-wong.com,001-924-347-8234x699,India,Chennai,Home Office,2020-03-30
243,David Hull,pacekaren@hotmail.com,691.383.0634x96219,India,Delhi,Consumer,2021-06-28
244,Mrs. Julie Russell,bmorris@reynolds.com,(035)068-9966x68242,India,Bengaluru,Consumer,2022-07-14
245,Nicholas Martin,blewis@long.com,876.757.6932,India,Chennai,Home Office,2021-01-04
246,Natalie Carter,cthomas@campbell.org,567.968.4169x920,India,Hyderabad,Corporate,2022-09-01
247,Christina Martin,alexander45@gmail.com,001-121-775-0168x7886,India,Pune,Consumer,2022-02-22
248,Mary Davis,jimmyprice@johnson.net,001-580-174-2409x65478,India,Mumbai,Consumer,2022-05-17
249,Mary Castro,ysmith@long.com,001-888-149-5633x8120,India,Delhi,Consumer,2022-07-24
250,Scott Perry,joshuafranco@yahoo.com,838-358-3820x58041,India,Hyderabad,Corporate,2022-11-23
251,Thomas Lee,westzachary@harris-bautista.com,001-600-661-8450,India,Mumbai,Consumer,2020-01-21
252,Rachel Hansen,matthew13@hotmail.com,453.891.2048x5177,India,Mumbai,Home Office,2022-03-30
253,Brenda Clay,onewton@hotmail.com,001-901-991-3541x5460,India,Kolkata,Corporate,2022-06-06
254,Kimberly Meyer,bcarter@hotmail.com,+1-052-499-7652x9268,India,Mumbai,Corporate,2021-12-12
255,Gilbert Ferguson,mullinsbrian@hotmail.com,319.514.6518x95911,India,Kolkata,Corporate,2021-08-11
256,Kaitlyn James,robertmerritt@mcneil.net,(016)294-6013x6812,India,Mumbai,Home Office,2022-11-15
257,Caitlin Velazquez,thomasrobert@adkins.com,001-508-569-8873x656,India,Delhi,Consumer,2022-12-29
258,Melanie Mccarthy,katrina08@day.com,616.582.1564x821,India,Pune,Corporate,2021-03-19
259,Alejandro Miller,courtneyfuentes@gmail.com,+1-782-364-8632x061,India,Hyderabad,Consumer,2020-11-03
260,Ronald Montgomery,bcrosby@yahoo.com,126-712-6352x6607,India,Bengaluru,Corporate,2022-07-17
261,Mitchell Wiley,mendozamatthew@yahoo.com,(142)094-1620,India,Delhi,Home Office,2022-07-13
262,Melanie Castro,jonathan44@hotmail.com,(899)105-8368x6250,India,Delhi,Home Office,2021-05-08
263,Jenny Jimenez,richard80@yahoo.com,9978975545,India,Delhi,Consumer,2020-09-12
264,Rachel Hamilton,chamberssarah@hotmail.com,001-908-055-5186x73926,India,Mumbai,Consumer,2022-04-22
265,Kathleen Moreno,michael46@herring-joseph.com,(296)346-2122,India,Kolkata,Consumer,2022-01-01
266,Christina Lam DDS,seth18@allen.com,(622)000-0132,India,Kolkata,Consumer,2021-03-31
267,Aaron Rose,fowlercolin@gutierrez.com,901.813.8504x66750,India,Chennai,Consumer,2021-12-12
268,Angela Garcia,diana20@yahoo.com,620.024.6539,India,Kolkata,Consumer,2020-06-30
269,Matthew Harrison,jesus29@hotmail.com,243-564-6383x414,India,Bengaluru,Home Office,2021-01-31
270,Chad Hernandez,kirkgilmore@pacheco.biz,377-385-2922x1323,India,Hyderabad,Corporate,2020-10-20
271,Michelle Brown,mwilliams@gmail.com,949-535-2363,India,Mumbai,Consumer,2022-06-10
272,Glenn Rodriguez,brandon81@yahoo.com,+1-512-648-2153x9368,India,Delhi,Home Office,2021-12-27
273,Lisa Kelly,michael47@gmail.com,+1-956-035-7615x218,India,Chennai,Corporate,2020-06-22
274,Steven Brown,yhenderson@shelton-jones.com,+1-975-258-2456x2307,India,Hyderabad,Consumer,2022-08-22
275,Stacey Mora,garytyler@yahoo.com,(467)402-5781x91223,India,Hyderabad,Consumer,2020-11-01
276,Robert Mason,rjackson@gmail.com,869-172-2297x58554,India,Chennai,Consumer,2022-02-25
277,Mary Flores,melissalee@yahoo.com,(221)274-0429x6637,India,Bengaluru,Consumer,2022-12-14
278,Elizabeth Cummings,whitecarl@hotmail.com,271-010-7846x3472,India,Bengaluru,Home Office,2021-01-22
279,James Downs,cassidyherrera@torres.com,162.889.7169x218,India,Chennai,Consumer,2021-05-22
280,Miranda Jennings,fclark@hotmail.com,935-041-5457,India,Delhi,Consumer,2020-06-29
281,Austin Newman,whitakervincent@davis.info,054.846.0840x84670,India,Hyderabad,Consumer,2021-03-09
282,Patrick Escobar,michellegarza@yahoo.com,001-276-375-2114x8649,India,Delhi,Home Office,2020-10-13
283,David Smith,oneillanthony@hotmail.com,+1-905-105-2850x1482,India,Bengaluru,Consumer,2020-04-27
284,Kayla Gonzalez,iaguilar@hotmail.com,+1-483-317-2698x442,India,Pune,Home Office,2021-09-01
285,Megan Chang,amandawilliams@gmail.com,001-053-469-4089x8164,India,Hyderabad,Corporate,2022-01-01
286,Amy Brown,yhartman@nguyen-thornton.com,126.617.0247,India,Bengaluru,Corporate,2022-06-22
287,Dustin Lopez,yhall@williams.org,+1-332-234-9332x44083,India,Delhi,Home Office,2021-01-06
288,Wesley Barnes,valerie38@yahoo.com,549-574-5687x584,India,Pune,Corporate,2021-08-09
289,James Mcfarland,edward64@yahoo.com,421.175.4923,India,Mumbai,Home Office,2021-03-27
290,Robert Perez,jamie91@gmail.com,(095)215-3111x9752,India,Chennai,Corporate,2020-10-25
291,Kayla Conway,benjaminwarner@yahoo.com,(213)736-2439x52393,India,Pune,Consumer,2022-04-24
292,Christopher Ross,donnamcdonald@gmail.com,483-455-7480x343,India,Hyderabad,Corporate,2021-08-16
293,Rebecca Howard,kimberlybrennan@bautista-rodriguez.com,(039)009-5597x3872,India,Chennai,Home Office,2021-11-04
294,Paul Chandler,billyroy@clark.net,646.011.5237x08139,India,Hyderabad,Home Office,2021-01-16
295,Lee Sanders,alisonbaker@baker.com,382.027.4633x38172,India,Kolkata,Corporate,2021-05-26
296,Victoria Holt,dspencer@gmail.com,834.145.4625,India,Mumbai,Consumer,2021-11-03
297,Keith Miller,johnsonjamie@wright-stevens.info,879.714.9734,India,Hyderabad,Home Office,2022-03-20
298,Jose Jones,perryjason@snow-collins.com,001-996-423-1020x521,India,Delhi,Consumer,2022-06-04
299,Matthew Peterson,aaronandrews@brock.com,(550)116-1628,India,Delhi,Corporate,2020-04-16
300,Craig Acosta,julie30@yahoo.com,(579)395-8293,India,Hyderabad,Home Office,2022-02-14
301,Ashley Allen,holmescharlene@yahoo.com,484-926-6668x7516,India,Kolkata,Home Office,2020-06-13
302,Theresa Murray,brooke68@austin.com,+1-495-384-2098,India,Chennai,Consumer,2022-09-18
303,Cynthia Miller,dannytran@farmer.com,913-844-6011x1881,India,Delhi,Home Office,2022-12-10
304,Kristine Jones,hendersonemma@smith-owens.com,835.229.1634x44642,India,Bengaluru,Consumer,2021-03-08
305,Denise Russell,edward49@anderson-bishop.com,516.692.1267x735,India,Pune,Corporate,2022-12-08
306,Donald Parsons,brittneyjacobs@wells-mitchell.biz,961.422.9831,India,Bengaluru,Home Office,2020-06-06
307,Tina Hardy,lanematthew@yahoo.com,(717)819-6246x312,India,Mumbai,Consumer,2020-04-12
308,Melissa Ross,samuelhill@johnson.com,780-947-7730,India,Pune,Home Office,2020-03-09
309,Jason Cain,jasonbrown@yahoo.com,058.003.1275x334,India,Pune,Consumer,2020-10-29
310,William Yoder,brianthompson@arnold.biz,888.814.2544x3716,India,Kolkata,Consumer,2021-11-23
311,Dale Gonzalez,riosandrea@hotmail.com,001-057-100-8877x7020,India,Mumbai,Corporate,2021-02-10
312,Sharon King,susan71@lee-bass.net,1534536563,India,Bengaluru,Home Office,2021-04-22
313,Beverly Schneider,lewisemily@gates.org,(617)492-5749x7107,India,Kolkata,Home Office,2021-05-17
314,Lisa Arroyo,marilyn64@johnson.com,+1-268-308-8633x193,India,Kolkata,Corporate,2022-03-20
315,Brendan Smith,larry89@gmail.com,953-894-4795,India,Pune,Home Office,2020-09-21
316,Rhonda Crawford,munozthomas@hotmail.com,219-574-7626x9966,India,Bengaluru,Home Office,2020-03-20
317,Steven Davidson,alyssa46@wilson.com,+1-224-699-3559x8813,India,Kolkata,Consumer,2022-01-14
318,John Cox,wlopez@gmail.com,105.947.3245,India,Bengaluru,Consumer,2021-12-23
319,Kenneth Craig,xmartin@williams.com,900-908-6904,India,Hyderabad,Home Office,2020-08-24
320,Michael Holland,carmennorris@gonzalez.com,001-550-359-6208,India,Chennai,Home Office,2021-05-21
321,James Bailey,qcalderon@fields-sanders.biz,297.035.8675x42442,India,Hyderabad,Consumer,2020-10-13
322,Amy Rogers,llee@moore.com,+1-481-146-3610x2061,India,Hyderabad,Consumer,2021-07-24
323,Mary Mahoney,ppitts@flores-calhoun.org,205-512-4580x4594,India,Bengaluru,Home Office,2020-05-23
324,Andrew Carr,collinsalexandria@gmail.com,001-477-741-1194x53668,India,Pune,Home Office,2022-12-22
325,Eric Mcmillan,anna34@gmail.com,695.669.8963x371,India,Bengaluru,Home Office,2022-05-16
326,Michael Sullivan,carrollaaron@gmail.com,+1-041-459-8329x65882,India,Delhi,Consumer,2020-02-03
327,Mary Clark,michael57@gmail.com,(202)517-0001x432,India,Mumbai,Consumer,2022-09-24
328,Kelly Hawkins,richardlevine@gonzales-sandoval.com,(959)480-9409x181,India,Chennai,Consumer,2021-05-22
329,Linda Cross,elizabeth20@baker.biz,795-408-3017x659,India,Chennai,Corporate,2020-03-17
330,David Robinson,solomontara@juarez.com,(043)337-1137x091,India,Bengaluru,Home Office,2021-07-28
331,Shannon Escobar,garciawhitney@smith.org,760-165-1584x306,India,Pune,Corporate,2022-11-14
332,Michael Shepard,gjones@yahoo.com,001-009-995-9361x0181,India,Kolkata,Consumer,2021-11-19
333,Cheryl Nelson,bcampbell@yahoo.com,026-290-8008,India,Delhi,Corporate,2020-01-10
334,Jared Willis,jdickson@hotmail.com,(610)495-8509,India,Bengaluru,Consumer,2022-09-30
335,Michelle Cummings,vwashington@hotmail.com,001-873-194-2908x5141,India,Delhi,Consumer,2022-03-01
336,Virginia Holden,timothy02@hotmail.com,+1-825-299-0181x23377,India,Hyderabad,Corporate,2022-09-16
337,Christine Tran,helen40@yahoo.com,+1-890-267-5812x4429,India,Delhi,Corporate,2021-10-08
338,Kevin Jones,glennbrent@miller-simmons.org,0724018060,India,Hyderabad,Corporate,2020-08-10
339,Cynthia Shaw,rebeccagray@hotmail.com,933.393.8274x99031,India,Chennai,Home Office,2021-01-22
340,Paul Rowe,whitneydavid@hotmail.com,001-772-576-0908x85315,India,Hyderabad,Consumer,2020-04-15
341,Richard Cook,powellheather@gmail.com,+1-584-217-5856x50273,India,Kolkata,Home Office,2022-05-22
342,Kimberly Li,wsimmons@hotmail.com,478-976-2417x3277,India,Bengaluru,Consumer,2022-06-14
343,Christine Clark,janicemartinez@davis-diaz.info,(304)869-7017x1793,India,Chennai,Corporate,2021-10-16
344,Sarah Webb,nwatts@baldwin-medina.com,719-649-4656x3084,India,Delhi,Home Office,2020-07-10
345,Lisa Booker,joshua17@leon.com,+1-979-117-6943x99241,India,Bengaluru,Consumer,2022-09-09
346,Brenda Sims,wsmith@gmail.com,5543891700,India,Mumbai,Consumer,2022-01-05
347,Amy Riggs,melindaparsons@hotmail.com,663.155.7016,India,Mumbai,Corporate,2020-05-16
348,Shelly Bass,lindsayrussell@murray.info,(577)182-5451x7310,India,Bengaluru,Corporate,2022-06-11
349,Tina Williams,wendyschmidt@gmail.com,001-240-838-8227x7559,India,Chennai,Home Office,2022-12-05
350,Mr. Colin Smith,mrich@yahoo.com,0329125136,India,Bengaluru,Corporate,2020-09-08
351,Jessica Robinson,elizabeth39@garcia.com,648-953-7609x9118,India,Hyderabad,Home Office,2022-10-13
352,Thomas Webb,gowens@gmail.com,980.404.8747,India,Mumbai,Corporate,2021-03-26
353,Larry Perkins,whitakerbrett@mckinney.com,837-116-3951x65555,India,Delhi,Consumer,2021-03-05
354,Mrs. Raven Kelly,brittanyhudson@hotmail.com,446.370.0592x66802,India,Mumbai,Home Office,2020-03-03
355,Maria Mcguire,michael37@patterson-reynolds.com,(813)961-1006x14834,India,Kolkata,Corporate,2020-08-08
356,Sean Gonzalez,charles03@payne.com,6107688155,India,Chennai,Consumer,2022-07-20
357,Larry Taylor,novakmark@jenkins-marsh.com,102.080.1067x110,India,Chennai,Consumer,2020-06-03
358,Scott Cortez,anna49@hotmail.com,+1-644-466-9786x0924,India,Kolkata,Consumer,2021-11-29
359,Maria Nelson,diazangie@hotmail.com,279-219-3052x795,India,Delhi,Corporate,2021-10-21
360,Alyssa Hernandez,gonzalezjacob@yahoo.com,(769)685-7781x6367,India,Hyderabad,Corporate,2020-04-05
361,Kristin Bailey,josephanthony@gmail.com,(835)343-8337x646,India,Chennai,Corporate,2021-12-11
362,Jeffrey Lam,tony48@green.com,234-825-9625x1415,India,Mumbai,Corporate,2021-01-03
363,Matthew Ryan,monica52@yahoo.com,725-535-0510,India,Chennai,Home Office,2022-10-28
364,Jesse Bailey,ambermoore@smith.com,655.877.8101x205,India,Delhi,Corporate,2021-07-29
365,Katherine Atkins,imalone@hamilton.com,(850)429-0776,India,Mumbai,Corporate,2020-01-19
366,Steven Allen,inichols@gmail.com,+1-752-340-9378x4998,India,Delhi,Consumer,2020-07-24
367,Abigail Pearson,chambersaaron@holmes.info,+1-378-238-7955x430,India,Chennai,Consumer,2022-03-14
368,Craig Phillips,patrick68@rodriguez-robinson.org,(506)997-8379,India,Mumbai,Home Office,2022-09-23
369,Ronald Thompson,qrice@hansen-reeves.com,(628)110-2857,India,Bengaluru,Corporate,2021-09-08
370,Abigail Jackson,spencerthompson@hotmail.com,168-324-6587x63759,India,Hyderabad,Corporate,2021-06-27
371,Crystal Wong,jaclyn42@gmail.com,(187)967-6649,India,Kolkata,Home Office,2021-02-15
372,Angela Ward,jeffrey89@hotmail.com,+1-123-329-0532x31653,India,Delhi,Consumer,2020-11-07
373,Angelica Green,frank49@gmail.com,363.943.8011x0386,India,Kolkata,Home Office,2020-06-14
374,Shannon Brown,mark74@daugherty.info,535.389.7484x4182,India,Hyderabad,Corporate,2022-09-23
375,John Spears,zjackson@vargas.com,(779)842-1037x525,India,Pune,Home Office,2021-05-06
376,Caleb Saunders,iwilson@yahoo.com,125.295.8939x41206,India,Kolkata,Corporate,2022-09-08
377,Catherine Moore,yhamilton@yahoo.com,357.782.7991x57732,India,Pune,Corporate,2022-05-14
378,Ronnie Fox,kimberlybarber@hotmail.com,001-702-198-2324x819,India,Pune,Consumer,2022-10-10
379,Kristen Young,larryjohnson@dudley-duncan.com,(602)635-8552,India,Bengaluru,Corporate,2022-02-03
380,Crystal Wade,zarmstrong@schaefer-walker.com,001-574-264-8943x312,India,Hyderabad,Consumer,2022-11-29
381,Margaret Jones,qbell@hotmail.com,001-209-024-5274x478,India,Kolkata,Consumer,2022-12-22
382,Hannah Reynolds,rspencer@hotmail.com,360.012.6127x907,India,Pune,Corporate,2020-10-08
383,Jeremy Morton,daniel05@branch.com,731-227-5718x40612,India,Pune,Consumer,2022-06-13
384,Christopher Gilbert,baldwinmary@hotmail.com,001-039-868-3561x588,India,Mumbai,Home Office,2022-12-04
385,Jacob Wallace,james10@ellison.com,768-656-2807x914,India,Kolkata,Consumer,2021-09-25
386,Robert Casey,joshua41@mcneil.com,(083)977-8115x647,India,Mumbai,Corporate,2021-08-01
387,Jamie Jones,jennifer05@hotmail.com,001-407-700-4236x2251,India,Pune,Corporate,2022-01-11
388,Andrew Forbes,mason31@yahoo.com,(444)499-5717,India,Kolkata,Home Office,2022-05-11
389,Shelby Gutierrez,thompsonrachel@gmail.com,+1-297-664-0355x7077,India,Mumbai,Consumer,2020-02-06
390,Thomas Cannon,scott96@gmail.com,+1-346-229-2209x971,India,Chennai,Consumer,2021-08-22
391,Samantha Williams,xaguilar@bradley.info,(513)826-1906x748,India,Mumbai,Home Office,2021-05-02
392,Todd Sanchez,christopher23@fischer-newman.com,001-097-907-8592,India,Hyderabad,Home Office,2022-01-20
393,Jenny Cummings,mwolfe@gmail.com,556-808-0651x0076,India,Pune,Corporate,2021-09-10
394,Amy Rios,alex89@rich.net,(420)323-6466x2223,India,Chennai,Corporate,2020-05-22
395,Ryan Pineda,melissacruz@hotmail.com,(445)111-2642x137,India,Mumbai,Home Office,2021-05-02
396,Tracy Cooper,steven73@gmail.com,607-871-2898x011,India,Kolkata,Home Office,2022-04-07
397,Karen Wilson,laura39@hotmail.com,(432)242-8154x6959,India,Bengaluru,Consumer,2020-04-28
398,James Fuentes,scott89@sanchez.biz,001-511-616-2669x2957,India,Kolkata,Home Office,2021-06-11
399,Kevin Martin,mgreer@sharp.com,+1-901-252-8671,India,Delhi,Corporate,2022-07-22
400,Mark Harvey,daniellesmith@hotmail.com,252.918.0319x5009,India,Pune,Consumer,2022-10-08
401,Kenneth Avila,andersonjames@gmail.com,630.096.4051x7287,India,Pune,Consumer,2020-02-25
402,Melissa Patterson,smithrichard@gmail.com,569-324-1876,India,Kolkata,Home Office,2022-11-16
403,Joseph Moore,jenniferrivera@ramirez-bell.com,714-268-1841x121,India,Bengaluru,Home Office,2020-06-07
404,Daniel Ortega,melissa95@nguyen.com,429.985.7710x52028,India,Pune,Consumer,2022-02-14
405,Nicholas Hogan,tharvey@yahoo.com,894-579-2503x69214,India,Mumbai,Corporate,2021-01-18
406,Kayla Stevenson,vincentmurphy@harper-allison.com,180.160.8775x9384,India,Bengaluru,Corporate,2021-03-22
407,Nicole King,kelseywilliams@taylor-craig.biz,9004180950,India,Hyderabad,Consumer,2020-10-16
408,Jenny Park,nathan81@yahoo.com,+1-097-578-6539x2910,India,Pune,Corporate,2020-04-04
409,Dominique Clay,christina00@hotmail.com,747-545-2975,India,Kolkata,Consumer,2020-06-18
410,Michael Leach,thompsonmichael@gmail.com,571.598.8576,India,Pune,Corporate,2022-12-02
411,Jenny Byrd,jonathanyoung@gmail.com,685-494-6490x261,India,Chennai,Home Office,2022-03-31
412,James Vasquez,palmeremily@nunez-perez.com,(051)942-6297x5781,India,Pune,Home Office,2021-12-10
413,Brandon Gaines,simmonsann@miller.com,765.684.6940x84164,India,Bengaluru,Corporate,2020-08-04
414,Stephen Clark,timothy89@bush-miller.net,001-574-177-4352x5056,India,Delhi,Home Office,2022-08-27
415,Mark Calhoun,qsimon@jacobson-oneill.com,001-724-144-9087x746,India,Kolkata,Consumer,2022-10-07
416,Christina Austin,scottjennifer@hotmail.com,478-684-6208,India,Bengaluru,Home Office,2020-05-13
417,John Chapman,bakerelizabeth@gmail.com,(775)641-3485x097,India,Chennai,Corporate,2022-07-24
418,Karen Wilson,qjones@harris.info,001-350-056-0686x6484,India,Mumbai,Corporate,2022-07-08
419,Danielle King,joseph31@gmail.com,277-206-6684,India,Bengaluru,Consumer,2022-03-07
420,John Berry,sarahpoole@yahoo.com,539-275-5661x10723,India,Chennai,Corporate,2020-07-03
421,Tamara Clark,stephenwallace@johnson-rodriguez.com,001-305-033-8302x6885,India,Delhi,Consumer,2021-02-06
422,Laurie Lutz,richard38@reeves.com,238.295.9833x483,India,Pune,Consumer,2021-11-22
423,Deanna Weaver,stephen08@hotmail.com,001-227-786-3954x2279,India,Kolkata,Consumer,2022-02-20
424,Michelle Vega,xparker@martinez.com,7227536175,India,Chennai,Home Office,2020-08-05
425,Aaron Robbins,matthew58@green.com,463-556-3356x61764,India,Pune,Home Office,2021-11-30
426,Scott Lewis,charles66@dunn.com,(987)958-3330,India,Kolkata,Corporate,2021-03-16
427,Amanda Kelly,lawsonchristopher@whitaker.info,(446)796-2455,India,Chennai,Corporate,2021-11-11
428,Pamela Parks,vrodriguez@yahoo.com,132.811.3140x927,India,Chennai,Home Office,2021-09-21
429,Danielle Norman,ricardorussell@gmail.com,(290)753-2538x529,India,Kolkata,Corporate,2020-12-29
430,John Hill,gtaylor@thompson.biz,000.805.0188x79217,India,Hyderabad,Corporate,2021-03-23
431,Mr. Connor Edwards PhD,thomas02@gmail.com,+1-775-113-5354,India,Kolkata,Corporate,2020-01-03
432,Shirley Miller,pkelly@summers.com,001-620-790-8701x946,India,Bengaluru,Home Office,2020-06-24
433,Kathleen Wells,joseph32@moran-jones.com,8569575062,India,Delhi,Consumer,2021-12-06
434,Charles Lopez,william91@mccall-potter.net,(630)974-6745x507,India,Bengaluru,Consumer,2021-09-07
435,Erin Cortez,wallacecory@gmail.com,(787)204-5197,India,Pune,Consumer,2022-08-26
436,Justin Reed,andrew90@gmail.com,+1-080-644-1821x952,India,Delhi,Corporate,2020-10-10
437,Christopher Murray,rortiz@clark-cooper.com,562-521-0167x87580,India,Hyderabad,Home Office,2022-10-05
438,Bryan Reed,zrobinson@yahoo.com,001-774-884-8316x641,India,Delhi,Consumer,2021-06-21
439,Yvette Wilkins,cunninghamstephen@hotmail.com,+1-021-728-3064,India,Kolkata,Corporate,2020-11-29
440,Kaitlin Crawford,paul09@gmail.com,505-811-9896x0695,India,Mumbai,Consumer,2022-04-01
441,William Holloway,hpowell@yahoo.com,803-607-8506x9052,India,Delhi,Corporate,2022-04-14
442,Rebecca Edwards,gilbertroger@gmail.com,+1-165-624-2317x60605,India,Mumbai,Corporate,2020-06-28
443,Thomas Costa,susanwilson@yahoo.com,+1-936-168-6054,India,Mumbai,Consumer,2021-03-20
444,Latoya Haney,bonniepowers@hotmail.com,001-593-904-2910x40266,India,Hyderabad,Corporate,2021-01-06
445,Jason Ballard,scott51@gmail.com,001-840-706-4545x386,India,Pune,Consumer,2022-01-11
446,Michael Skinner,rogersdouglas@stewart.com,310.791.2591x94607,India,Bengaluru,Corporate,2020-12-23
447,Elijah Peterson,butlerwendy@davis.com,(685)238-0119,India,Mumbai,Home Office,2020-10-02
448,Nathan Green,robersonscott@gray-bush.com,(290)884-1466x5894,India,Mumbai,Home Office,2020-04-03
449,Natalie Bailey,vbishop@yahoo.com,(107)802-5700x1333,India,Pune,Home Office,2022-04-04
450,Katie Rodgers,utran@mendez-crosby.com,+1-560-366-8357x51322,India,Hyderabad,Consumer,2021-07-22
451,Cindy Sheppard,luke27@hotmail.com,118-092-2378x0725,India,Delhi,Home Office,2020-01-07
452,Paul Olson,terrellsamantha@hotmail.com,376-530-3739x72685,India,Mumbai,Corporate,2021-02-04
453,John King,rogersjason@gmail.com,1705282073,India,Bengaluru,Home Office,2022-05-20
454,Brandon Jones,william96@walker.com,0990442673,India,Delhi,Corporate,2022-09-08
455,Terry Foster,kayla26@hotmail.com,400.561.8320,India,Delhi,Home Office,2020-09-25
456,Bethany Wood,novakjeremy@marquez-scott.com,014.840.1618x2050,India,Hyderabad,Consumer,2021-06-26
457,Anthony Edwards,xsexton@gmail.com,566.039.4295,India,Hyderabad,Consumer,2020-10-19
458,Stacie Pena,vanessawilliams@long-lawson.org,+1-541-519-6068x5563,India,Chennai,Home Office,2021-09-08
459,Linda Pittman,rebecca42@yahoo.com,+1-464-627-9295x63119,India,Hyderabad,Corporate,2021-04-24
460,Kelly Lee,sgray@hotmail.com,+1-382-629-8630,India,Mumbai,Consumer,2021-07-10
461,David Gentry,mdouglas@gmail.com,(103)424-4084,India,Kolkata,Home Office,2021-11-21
462,Mr. Randy Chavez,william18@gmail.com,(837)616-9609x4994,India,Chennai,Consumer,2020-05-30
463,Eddie Smith,garciajoseph@yahoo.com,9999793825,India,Mumbai,Home Office,2021-05-02
464,Matthew Reed,jose52@hotmail.com,(648)639-7699x1629,India,Delhi,Corporate,2020-01-06
465,Kevin Farmer,melvin53@yahoo.com,859-740-2107x446,India,Pune,Corporate,2020-03-25
466,Anthony Livingston,zdodson@ford.com,475-035-6517x02917,India,Mumbai,Home Office,2022-12-19
467,Jennifer Smith,emilylarson@foster.org,077-094-4163,India,Kolkata,Corporate,2022-08-13
468,Seth Nielsen,kpaul@yahoo.com,(067)053-8665x26272,India,Bengaluru,Home Office,2022-01-05
469,Michael Morgan,scottmorgan@hotmail.com,292-787-9075x6487,India,Hyderabad,Home Office,2020-03-07
470,Neil Cortez,kelseylove@yahoo.com,9104653548,India,Delhi,Corporate,2020-12-12
471,Valerie Fitzgerald,john89@gmail.com,474.997.6913,India,Delhi,Corporate,2021-05-25
472,Catherine Dixon,koneill@berry-ruiz.com,(586)944-7818x716,India,Pune,Home Office,2022-05-10
473,Michael Williams,cookejames@moody.org,(864)672-0841x34659,India,Kolkata,Home Office,2021-04-03
474,Karen Vasquez,christineadams@daugherty.com,001-993-366-9022x816,India,Mumbai,Home Office,2022-10-09
475,Kyle Villarreal,franciscosimon@santiago-oliver.info,+1-857-428-9881x6997,India,Chennai,Corporate,2020-02-02
476,Jason Chaney,joseph95@brown.com,(506)093-2200x183,India,Delhi,Home Office,2022-10-04
477,Linda Wyatt,bradytyler@townsend-harris.com,1358478770,India,Mumbai,Corporate,2020-02-09
478,Nancy Robinson,lawrence19@garcia.org,(255)763-7788x6655,India,Mumbai,Consumer,2021-01-02
479,Daniel Knox,qstone@walker.net,+1-020-909-3928x491,India,Pune,Consumer,2022-10-05
480,Holly Soto,mark33@miller.net,305-296-1254x4022,India,Kolkata,Home Office,2022-06-24
481,Eileen Wright,daniel91@reyes-gonzales.info,017-055-7023x775,India,Chennai,Corporate,2020-08-16
482,Troy Watson,rmoore@yahoo.com,506.624.8532,India,Hyderabad,Consumer,2022-08-28
483,Frank Clark,xbeck@yahoo.com,+1-930-150-8813x705,India,Kolkata,Consumer,2021-04-18
484,Christopher Mosley,gateschristina@soto.com,163.841.6460x1228,India,Chennai,Corporate,2021-04-18
485,Gregory Perry,christinalewis@kelly.biz,584.360.3000x79764,India,Pune,Corporate,2021-12-12
486,Katherine Barber,bsampson@yahoo.com,062.294.9840,India,Hyderabad,Corporate,2022-04-12
487,Rachel Garcia,karinatownsend@gmail.com,(046)037-5612x4428,India,Hyderabad,Consumer,2021-04-02
488,Traci Richard,james63@gmail.com,386-756-2667x9988,India,Bengaluru,Home Office,2021-12-23
489,Amy Sloan,bakerrobert@horn-flores.com,9036257403,India,Hyderabad,Home Office,2022-08-26
490,Vickie Dyer,sbaker@lamb-robertson.com,001-271-441-1462,India,Delhi,Home Office,2020-07-15
491,Maria Jones,shellyblake@gonzalez.com,473.497.8221x0500,India,Kolkata,Consumer,2022-05-06
492,Alex Farley,sara84@white-ayala.net,551.155.3369x317,India,Delhi,Corporate,2021-09-23
493,Dr. Randy Martinez,kennethanderson@buckley.com,005.417.8671x98932,India,Mumbai,Home Office,2020-03-21
494,Jose Adkins,alison49@hotmail.com,(415)551-1175x2873,India,Hyderabad,Consumer,2020-12-12
495,Joseph Powers,daviesdaniel@lee-curry.info,+1-289-769-5830x4174,India,Chennai,Consumer,2021-02-19
496,Eileen Townsend,jill62@ferguson.com,(130)500-9886x0173,India,Pune,Corporate,2020-11-15
497,Phillip Jenkins,millerdaniel@bryant.net,687-449-0857,India,Chennai,Home Office,2021-04-22
498,Kenneth Wilson,mary81@gmail.com,494.898.2934x64181,India,Bengaluru,Home Office,2020-01-23
499,Brandon Walker,alexander98@collins.info,195-038-4281x6277,India,Hyderabad,Home Office,2020-01-05
500,Kimberly Gonzalez,daniellewilliams@williams.com,(885)526-5200x14658,India,Pune,Home Office,2022-04-02
